<?xml version="1.0" encoding="UTF-8" ?>
<?ccsproject version="1.0"?>
<projectOptions>
	<deviceVariant value="com.ti.ccstudio.deviceModel.TMS470.GenericCortexM4Device"/>
	<deviceFamily value="TMS470"/>
	<deviceEndianness value="be32"/>
	<codegenToolVersion value="5.0.4"/>
	<isElfFormat value="true"/>
	<rts value="libc.a"/>
	<templateProperties value="id=com.ti.common.project.core.emptyProjectTemplate,"/>
	<isTargetManual value="false"/>
	<origin value="C:/Users/crain/ti/CC3200SDK_1.3.0/cc3200-sdk/example/blinky/ccs"/>
</projectOptions>
