<?xml version="1.0" encoding="UTF-8" standalone="no"?>
<?fileVersion 4.0.0?><cproject storage_type_id="org.eclipse.cdt.core.XmlProjectDescriptionStorage">
	<storageModule configRelations="2" moduleId="org.eclipse.cdt.core.settings">
		<cconfiguration id="com.ti.ccstudio.buildDefinitions.TMS470.Debug.359151043">
			<storageModule buildSystemId="org.eclipse.cdt.managedbuilder.core.configurationDataProvider" id="com.ti.ccstudio.buildDefinitions.TMS470.Debug.359151043" moduleId="org.eclipse.cdt.core.settings" name="Release">
				<externalSettings/>
				<extensions>
					<extension id="com.ti.ccstudio.binaryparser.CoffParser" point="org.eclipse.cdt.core.BinaryParser"/>
					<extension id="com.ti.ccstudio.errorparser.CoffErrorParser" point="org.eclipse.cdt.core.ErrorParser"/>
					<extension id="com.ti.ccstudio.errorparser.LinkErrorParser" point="org.eclipse.cdt.core.ErrorParser"/>
					<extension id="com.ti.ccstudio.errorparser.AsmErrorParser" point="org.eclipse.cdt.core.ErrorParser"/>
					<extension id="org.eclipse.cdt.core.GmakeErrorParser" point="org.eclipse.cdt.core.ErrorParser"/>
					<extension id="com.ti.ccstudio.errorparser.SysConfigErrorParser" point="org.eclipse.cdt.core.ErrorParser"/>
				</extensions>
			</storageModule>
			<storageModule moduleId="cdtBuildSystem" version="4.0.0">
				<configuration artifactExtension="out" artifactName="${ProjName}" buildProperties="" cleanCommand="${CG_CLEAN_CMD}" description="" id="com.ti.ccstudio.buildDefinitions.TMS470.Debug.359151043" name="Release" parent="com.ti.ccstudio.buildDefinitions.TMS470.Debug" postbuildStep="&quot;${CCE_INSTALL_ROOT}/utils/tiobj2bin/tiobj2bin&quot; &quot;${BuildArtifactFileName}&quot; &quot;${BuildArtifactFileBaseName}.bin&quot; &quot;${CG_TOOL_ROOT}/bin/armofd&quot; &quot;${CG_TOOL_ROOT}/bin/armhex&quot; &quot;${CCE_INSTALL_ROOT}/utils/tiobj2bin/mkhex4bin&quot;" prebuildStep="">
					<folderInfo id="com.ti.ccstudio.buildDefinitions.TMS470.Debug.359151043." name="/" resourcePath="">
						<toolChain id="com.ti.ccstudio.buildDefinitions.TMS470_5.2.exe.DebugToolchain.1072747071" name="TI Build Tools" superClass="com.ti.ccstudio.buildDefinitions.TMS470_5.2.exe.DebugToolchain" targetTool="com.ti.ccstudio.buildDefinitions.TMS470_5.2.exe.linkerDebug.1621245359">
							<option id="com.ti.ccstudio.buildDefinitions.core.OPT_TAGS.130181894" superClass="com.ti.ccstudio.buildDefinitions.core.OPT_TAGS" valueType="stringList">
								<listOptionValue builtIn="false" value="DEVICE_CONFIGURATION_ID=Cortex M.CC3200"/>
								<listOptionValue builtIn="false" value="DEVICE_ENDIANNESS=little"/>
								<listOptionValue builtIn="false" value="OUTPUT_FORMAT=ELF"/>
								<listOptionValue builtIn="false" value="LINKER_COMMAND_FILE=cc3200v1p32.cmd"/>
								<listOptionValue builtIn="false" value="RUNTIME_SUPPORT_LIBRARY=libc.a"/>
								<listOptionValue builtIn="false" value="CCS_MBS_VERSION=5.5.0"/>
								<listOptionValue builtIn="false" value="OUTPUT_TYPE=executable"/>
							</option>
							<option id="com.ti.ccstudio.buildDefinitions.core.OPT_CODEGEN_VERSION.1128726779" name="Compiler version" superClass="com.ti.ccstudio.buildDefinitions.core.OPT_CODEGEN_VERSION" value="5.2.6" valueType="string"/>
							<targetPlatform id="com.ti.ccstudio.buildDefinitions.TMS470_5.2.exe.targetPlatformDebug.2143913079" name="Platform" superClass="com.ti.ccstudio.buildDefinitions.TMS470_5.2.exe.targetPlatformDebug"/>
							<builder buildPath="${BuildDirectory}" id="com.ti.ccstudio.buildDefinitions.TMS470_5.2.exe.builderDebug.848225293" keepEnvironmentInBuildfile="false" name="GNU Make" superClass="com.ti.ccstudio.buildDefinitions.TMS470_5.2.exe.builderDebug"/>
							<tool id="com.ti.ccstudio.buildDefinitions.TMS470_5.2.exe.compilerDebug.1511799420" name="ARM Compiler" superClass="com.ti.ccstudio.buildDefinitions.TMS470_5.2.exe.compilerDebug">
								<option id="com.ti.ccstudio.buildDefinitions.TMS470_5.2.compilerID.DEFINE.87900125" name="Pre-define NAME (--define, -D)" superClass="com.ti.ccstudio.buildDefinitions.TMS470_5.2.compilerID.DEFINE" valueType="definedSymbols">
									<listOptionValue builtIn="false" value="ccs"/>
									<listOptionValue builtIn="false" value="NON_NETWORK"/>
									<listOptionValue builtIn="false" value="cc3200"/>
								</option>
								<option id="com.ti.ccstudio.buildDefinitions.TMS470_5.2.compilerID.SILICON_VERSION.926307134" name="Target processor version (--silicon_version, -mv)" superClass="com.ti.ccstudio.buildDefinitions.TMS470_5.2.compilerID.SILICON_VERSION" value="com.ti.ccstudio.buildDefinitions.TMS470_5.2.compilerID.SILICON_VERSION.7M4" valueType="enumerated"/>
								<option id="com.ti.ccstudio.buildDefinitions.TMS470_5.2.compilerID.CODE_STATE.70330801" name="Designate code state, 16-bit (thumb) or 32-bit (--code_state)" superClass="com.ti.ccstudio.buildDefinitions.TMS470_5.2.compilerID.CODE_STATE" value="com.ti.ccstudio.buildDefinitions.TMS470_5.2.compilerID.CODE_STATE.16" valueType="enumerated"/>
								<option id="com.ti.ccstudio.buildDefinitions.TMS470_5.2.compilerID.ABI.401983773" name="Application binary interface. [See 'General' page to edit] (--abi)" superClass="com.ti.ccstudio.buildDefinitions.TMS470_5.2.compilerID.ABI" value="com.ti.ccstudio.buildDefinitions.TMS470_5.2.compilerID.ABI.eabi" valueType="enumerated"/>
								<option id="com.ti.ccstudio.buildDefinitions.TMS470_5.2.compilerID.FLOAT_SUPPORT.21034624" name="Specify floating point support (--float_support)" superClass="com.ti.ccstudio.buildDefinitions.TMS470_5.2.compilerID.FLOAT_SUPPORT" value="com.ti.ccstudio.buildDefinitions.TMS470_5.2.compilerID.FLOAT_SUPPORT.vfplib" valueType="enumerated"/>
								<option id="com.ti.ccstudio.buildDefinitions.TMS470_5.2.compilerID.LITTLE_ENDIAN.29874583" name="Little endian code [See 'General' page to edit] (--little_endian, -me)" superClass="com.ti.ccstudio.buildDefinitions.TMS470_5.2.compilerID.LITTLE_ENDIAN" value="true" valueType="boolean"/>
								<option id="com.ti.ccstudio.buildDefinitions.TMS470_5.2.compilerID.OPT_LEVEL.940058523" name="Optimization level (--opt_level, -O)" superClass="com.ti.ccstudio.buildDefinitions.TMS470_5.2.compilerID.OPT_LEVEL" value="com.ti.ccstudio.buildDefinitions.TMS470_5.2.compilerID.OPT_LEVEL.off" valueType="enumerated"/>
								<option id="com.ti.ccstudio.buildDefinitions.TMS470_5.2.compilerID.INCLUDE_PATH.1087220583" name="Add dir to #include search path (--include_path, -I)" superClass="com.ti.ccstudio.buildDefinitions.TMS470_5.2.compilerID.INCLUDE_PATH" valueType="includePath">
									<listOptionValue builtIn="false" value="&quot;${CG_TOOL_ROOT}/include&quot;"/>
									<listOptionValue builtIn="false" value="&quot;${CC3200_SDK_ROOT}/example/common&quot;"/>
									<listOptionValue builtIn="false" value="&quot;${CC3200_SDK_ROOT}/driverlib&quot;"/>
									<listOptionValue builtIn="false" value="&quot;${CC3200_SDK_ROOT}/inc&quot;"/>
								</option>
								<option id="com.ti.ccstudio.buildDefinitions.TMS470_5.2.compilerID.DEBUGGING_MODEL.711899191" name="Debugging model" superClass="com.ti.ccstudio.buildDefinitions.TMS470_5.2.compilerID.DEBUGGING_MODEL" value="com.ti.ccstudio.buildDefinitions.TMS470_5.2.compilerID.DEBUGGING_MODEL.SYMDEBUG__DWARF" valueType="enumerated"/>
								<option id="com.ti.ccstudio.buildDefinitions.TMS470_5.2.compilerID.GCC.1981722644" name="Enable support for GCC extensions (DEPRECATED) (--gcc)" superClass="com.ti.ccstudio.buildDefinitions.TMS470_5.2.compilerID.GCC" value="true" valueType="boolean"/>
								<option id="com.ti.ccstudio.buildDefinitions.TMS470_5.2.compilerID.DIAG_WARNING.701873892" name="Treat diagnostic &lt;id&gt; as warning (--diag_warning, -pdsw)" superClass="com.ti.ccstudio.buildDefinitions.TMS470_5.2.compilerID.DIAG_WARNING" valueType="stringList">
									<listOptionValue builtIn="false" value="225"/>
								</option>
								<option id="com.ti.ccstudio.buildDefinitions.TMS470_5.2.compilerID.DIAG_WRAP.489518976" name="Wrap diagnostic messages (--diag_wrap)" superClass="com.ti.ccstudio.buildDefinitions.TMS470_5.2.compilerID.DIAG_WRAP" value="com.ti.ccstudio.buildDefinitions.TMS470_5.2.compilerID.DIAG_WRAP.off" valueType="enumerated"/>
								<option id="com.ti.ccstudio.buildDefinitions.TMS470_5.2.compilerID.DISPLAY_ERROR_NUMBER.1902443349" name="Emit diagnostic identifier numbers (--display_error_number, -pden)" superClass="com.ti.ccstudio.buildDefinitions.TMS470_5.2.compilerID.DISPLAY_ERROR_NUMBER" value="true" valueType="boolean"/>
								<inputType id="com.ti.ccstudio.buildDefinitions.TMS470_5.2.compiler.inputType__C_SRCS.1433277732" name="C Sources" superClass="com.ti.ccstudio.buildDefinitions.TMS470_5.2.compiler.inputType__C_SRCS"/>
								<inputType id="com.ti.ccstudio.buildDefinitions.TMS470_5.2.compiler.inputType__CPP_SRCS.368531973" name="C++ Sources" superClass="com.ti.ccstudio.buildDefinitions.TMS470_5.2.compiler.inputType__CPP_SRCS"/>
								<inputType id="com.ti.ccstudio.buildDefinitions.TMS470_5.2.compiler.inputType__ASM_SRCS.1827219489" name="Assembly Sources" superClass="com.ti.ccstudio.buildDefinitions.TMS470_5.2.compiler.inputType__ASM_SRCS"/>
								<inputType id="com.ti.ccstudio.buildDefinitions.TMS470_5.2.compiler.inputType__ASM2_SRCS.1958262710" name="Assembly Sources" superClass="com.ti.ccstudio.buildDefinitions.TMS470_5.2.compiler.inputType__ASM2_SRCS"/>
							</tool>
							<tool id="com.ti.ccstudio.buildDefinitions.TMS470_5.2.exe.linkerDebug.1621245359" name="ARM Linker" superClass="com.ti.ccstudio.buildDefinitions.TMS470_5.2.exe.linkerDebug">
								<option id="com.ti.ccstudio.buildDefinitions.TMS470_5.2.linkerID.STACK_SIZE.189745025" name="Set C system stack size (--stack_size, -stack)" superClass="com.ti.ccstudio.buildDefinitions.TMS470_5.2.linkerID.STACK_SIZE" value="0x800" valueType="string"/>
								<option id="com.ti.ccstudio.buildDefinitions.TMS470_5.2.linkerID.HEAP_SIZE.729743501" name="Heap size for C/C++ dynamic memory allocation (--heap_size, -heap)" superClass="com.ti.ccstudio.buildDefinitions.TMS470_5.2.linkerID.HEAP_SIZE" value="0x800" valueType="string"/>
								<option id="com.ti.ccstudio.buildDefinitions.TMS470_5.2.linkerID.MAP_FILE.2129152292" name="Link information (map) listed into &lt;file&gt; (--map_file, -m)" superClass="com.ti.ccstudio.buildDefinitions.TMS470_5.2.linkerID.MAP_FILE" value="&quot;${ProjName}.map&quot;" valueType="string"/>
								<option id="com.ti.ccstudio.buildDefinitions.TMS470_5.2.linkerID.OUTPUT_FILE.105923327" name="Specify output file name (--output_file, -o)" superClass="com.ti.ccstudio.buildDefinitions.TMS470_5.2.linkerID.OUTPUT_FILE" value="${ProjName}.out" valueType="string"/>
								<option id="com.ti.ccstudio.buildDefinitions.TMS470_5.2.linkerID.LIBRARY.1323701910" name="Include library file or command file as input (--library, -l)" superClass="com.ti.ccstudio.buildDefinitions.TMS470_5.2.linkerID.LIBRARY" valueType="libs">
									<listOptionValue builtIn="false" value="libc.a"/>
									<listOptionValue builtIn="false" value="driverlib.a"/>
								</option>
								<option id="com.ti.ccstudio.buildDefinitions.TMS470_5.2.linkerID.SEARCH_PATH.1899860889" name="Add &lt;dir&gt; to library search path (--search_path, -i)" superClass="com.ti.ccstudio.buildDefinitions.TMS470_5.2.linkerID.SEARCH_PATH" valueType="libPaths">
									<listOptionValue builtIn="false" value="&quot;${CG_TOOL_ROOT}/lib&quot;"/>
									<listOptionValue builtIn="false" value="&quot;${CC3200_SDK_ROOT}/driverlib/ccs/Release&quot;"/>
									<listOptionValue builtIn="false" value="&quot;${CG_TOOL_ROOT}/include&quot;"/>
								</option>
								<option id="com.ti.ccstudio.buildDefinitions.TMS470_5.2.linkerID.DIAG_WRAP.2124259976" name="Wrap diagnostic messages (--diag_wrap)" superClass="com.ti.ccstudio.buildDefinitions.TMS470_5.2.linkerID.DIAG_WRAP" value="com.ti.ccstudio.buildDefinitions.TMS470_5.2.linkerID.DIAG_WRAP.off" valueType="enumerated"/>
								<option id="com.ti.ccstudio.buildDefinitions.TMS470_5.2.linkerID.DISPLAY_ERROR_NUMBER.525663380" name="Emit diagnostic identifier numbers (--display_error_number)" superClass="com.ti.ccstudio.buildDefinitions.TMS470_5.2.linkerID.DISPLAY_ERROR_NUMBER" value="true" valueType="boolean"/>
								<option id="com.ti.ccstudio.buildDefinitions.TMS470_5.2.linkerID.XML_LINK_INFO.527165657" name="Detailed link information data-base into &lt;file&gt; (--xml_link_info, -xml_link_info)" superClass="com.ti.ccstudio.buildDefinitions.TMS470_5.2.linkerID.XML_LINK_INFO" value="&quot;${ProjName}_linkInfo.xml&quot;" valueType="string"/>
								<inputType id="com.ti.ccstudio.buildDefinitions.TMS470_5.2.exeLinker.inputType__CMD_SRCS.722714364" name="Linker Command Files" superClass="com.ti.ccstudio.buildDefinitions.TMS470_5.2.exeLinker.inputType__CMD_SRCS"/>
								<inputType id="com.ti.ccstudio.buildDefinitions.TMS470_5.2.exeLinker.inputType__CMD2_SRCS.657636693" name="Linker Command Files" superClass="com.ti.ccstudio.buildDefinitions.TMS470_5.2.exeLinker.inputType__CMD2_SRCS"/>
								<inputType id="com.ti.ccstudio.buildDefinitions.TMS470_5.2.exeLinker.inputType__GEN_CMDS.175933579" name="Generated Linker Command Files" superClass="com.ti.ccstudio.buildDefinitions.TMS470_5.2.exeLinker.inputType__GEN_CMDS"/>
							</tool>
							<tool id="com.ti.ccstudio.buildDefinitions.TMS470_5.2.hex.1876534383" name="ARM Hex Utility" superClass="com.ti.ccstudio.buildDefinitions.TMS470_5.2.hex"/>
							<tool id="com.ti.ccstudio.buildDefinitions.sysConfig.1229837065" name="System Configuration Tool" superClass="com.ti.ccstudio.buildDefinitions.sysConfig"/>
						</toolChain>
					</folderInfo>
					<fileInfo id="com.ti.ccstudio.buildDefinitions.TMS470.Debug.359151043.1138916199" name="main.c" rcbsApplicability="disable" resourcePath="main.c" toolsToInvoke="com.ti.ccstudio.buildDefinitions.TMS470_5.2.exe.compilerDebug.1511799420.847692078">
						<tool id="com.ti.ccstudio.buildDefinitions.TMS470_5.2.exe.compilerDebug.1511799420.847692078" name="ARM Compiler" superClass="com.ti.ccstudio.buildDefinitions.TMS470_5.2.exe.compilerDebug.1511799420">
							<option id="com.ti.ccstudio.buildDefinitions.TMS470_5.2.compilerID.FLOAT_SUPPORT.386119404" name="Specify floating point support (--float_support)" superClass="com.ti.ccstudio.buildDefinitions.TMS470_5.2.compilerID.FLOAT_SUPPORT" value="com.ti.ccstudio.buildDefinitions.TMS470_5.2.compilerID.FLOAT_SUPPORT.vfplib" valueType="enumerated"/>
							<inputType id="com.ti.ccstudio.buildDefinitions.TMS470_5.2.compiler.inputType__C_SRCS.1754914987" name="C Sources" superClass="com.ti.ccstudio.buildDefinitions.TMS470_5.2.compiler.inputType__C_SRCS"/>
							<inputType id="com.ti.ccstudio.buildDefinitions.TMS470_5.2.compiler.inputType__CPP_SRCS.1786014477" name="C++ Sources" superClass="com.ti.ccstudio.buildDefinitions.TMS470_5.2.compiler.inputType__CPP_SRCS"/>
							<inputType id="com.ti.ccstudio.buildDefinitions.TMS470_5.2.compiler.inputType__ASM_SRCS.1147322364" name="Assembly Sources" superClass="com.ti.ccstudio.buildDefinitions.TMS470_5.2.compiler.inputType__ASM_SRCS"/>
							<inputType id="com.ti.ccstudio.buildDefinitions.TMS470_5.2.compiler.inputType__ASM2_SRCS.2146577443" name="Assembly Sources" superClass="com.ti.ccstudio.buildDefinitions.TMS470_5.2.compiler.inputType__ASM2_SRCS"/>
						</tool>
					</fileInfo>
					<sourceEntries>
						<entry excluding="blinky_ccs.cmd" flags="VALUE_WORKSPACE_PATH|RESOLVED" kind="sourcePath" name=""/>
					</sourceEntries>
				</configuration>
			</storageModule>
			<storageModule moduleId="org.eclipse.cdt.core.externalSettings"/>
		</cconfiguration>
	</storageModule>
	<storageModule moduleId="org.eclipse.cdt.core.LanguageSettingsProviders"/>
	<storageModule moduleId="cdtBuildSystem" version="4.0.0">
		<project id="blinky.com.ti.ccstudio.buildDefinitions.TMS470.ProjectType.1742719036" name="ARM" projectType="com.ti.ccstudio.buildDefinitions.TMS470.ProjectType"/>
	</storageModule>
	<storageModule moduleId="org.eclipse.cdt.core.language.mapping">
		<project-mappings>
			<content-type-mapping configuration="" content-type="org.eclipse.cdt.core.asmSource" language="com.ti.ccstudio.core.TIASMLanguage"/>
			<content-type-mapping configuration="" content-type="org.eclipse.cdt.core.cHeader" language="com.ti.ccstudio.core.TIGCCLanguage"/>
			<content-type-mapping configuration="" content-type="org.eclipse.cdt.core.cSource" language="com.ti.ccstudio.core.TIGCCLanguage"/>
			<content-type-mapping configuration="" content-type="org.eclipse.cdt.core.cxxHeader" language="com.ti.ccstudio.core.TIGPPLanguage"/>
			<content-type-mapping configuration="" content-type="org.eclipse.cdt.core.cxxSource" language="com.ti.ccstudio.core.TIGPPLanguage"/>
		</project-mappings>
	</storageModule>
	<storageModule moduleId="refreshScope" versionNumber="2">
		<configuration configurationName="Release">
			<resource resourceType="PROJECT" workspacePath="/blinky"/>
		</configuration>
		<configuration configurationName="Debug">
			<resource resourceType="PROJECT" workspacePath="/blinky"/>
		</configuration>
	</storageModule>
	<storageModule moduleId="org.eclipse.cdt.internal.ui.text.commentOwnerProjectMappings"/>
	<storageModule moduleId="scannerConfiguration"/>
	<storageModule moduleId="org.eclipse.cdt.make.core.buildtargets"/>
</cproject>
