<?xml version="1.0" encoding="UTF-8"?>
<projectDescription>
	<name>Lab1.1__2</name>
	<comment></comment>
	<projects>
	</projects>
	<buildSpec>
		<buildCommand>
			<name>org.eclipse.cdt.managedbuilder.core.genmakebuilder</name>
			<arguments>
			</arguments>
		</buildCommand>
		<buildCommand>
			<name>org.eclipse.cdt.managedbuilder.core.ScannerConfigBuilder</name>
			<triggers>full,incremental,</triggers>
			<arguments>
			</arguments>
		</buildCommand>
	</buildSpec>
	<natures>
		<nature>com.ti.ccstudio.core.ccsNature</nature>
		<nature>org.eclipse.cdt.core.cnature</nature>
		<nature>org.eclipse.cdt.managedbuilder.core.managedBuildNature</nature>
		<nature>org.eclipse.cdt.core.ccnature</nature>
		<nature>org.eclipse.cdt.managedbuilder.core.ScannerConfigNature</nature>
	</natures>
	<linkedResources>
		<link>
			<name>gpio_if.c</name>
			<type>1</type>
			<locationURI>CC3200_SDK_ROOT/example/common/gpio_if.c</locationURI>
		</link>
		<link>
			<name>startup_ccs.c</name>
			<type>1</type>
			<locationURI>CC3200_SDK_ROOT/example/common/startup_ccs.c</locationURI>
		</link>
	</linkedResources>
	<variableList>
		<variable>
			<name>CC3200_SDK_ROOT</name>
			<value>$%7BPARENT-3-ORIGINAL_PROJECT_ROOT%7D</value>
		</variable>
		<variable>
			<name>ORIGINAL_PROJECT_ROOT</name>
			<value>file:/C:/Users/crain/ti/CC3200SDK_1.3.0/cc3200-sdk/example/blinky/ccs</value>
		</variable>
	</variableList>
</projectDescription>
